{"stats":{"minecraft:picked_up":{"minecraft:stick":2,"minecraft:spruce_log":9,"minecraft:sugar_cane":2,"minecraft:wheat_seeds":1},"minecraft:killed_by":{"minecraft:zombie":3,"minecraft:chicken":1},"minecraft:custom":{"minecraft:jump":103,"minecraft:time_since_rest":2229,"minecraft:walk_on_water_one_cm":732,"minecraft:damage_dealt":91,"minecraft:damage_taken":1050,"minecraft:leave_game":3,"minecraft:sprint_one_cm":4620,"minecraft:play_time":21768,"minecraft:walk_one_cm":26163,"minecraft:time_since_death":0,"minecraft:deaths":5,"minecraft:sneak_time":23,"minecraft:total_world_time":21768,"minecraft:walk_under_water_one_cm":620,"minecraft:fly_one_cm":33708},"minecraft:mined":{"minecraft:large_fern":2,"treechop:chopped_log":1}},"DataVersion":3465}