{"stats":{"minecraft:custom":{"minecraft:jump":60,"minecraft:time_since_rest":3766,"minecraft:sprint_one_cm":85,"minecraft:deaths":2,"minecraft:leave_game":2,"minecraft:play_time":14724,"minecraft:damage_taken":280,"minecraft:time_since_death":3716,"minecraft:walk_one_cm":6449,"minecraft:sneak_time":23,"minecraft:total_world_time":14724,"minecraft:fly_one_cm":21593},"minecraft:killed_by":{"minecraft:zombie":1},"minecraft:mined":{"treechop:chopped_log":1},"minecraft:picked_up":{"minecraft:stick":2,"minecraft:spruce_log":9}},"DataVersion":3465}